{"frameRate":24,"name":"NewProject","version":"5.5","compatibleVersion":"5.5","armature":[{"type":"Armature","frameRate":24,"name":"Armature","aabb":{"x":-77.33,"y":-51,"width":150,"height":118.56},"bone":[{"name":"root"},{"length":34,"name":"download","parent":"root"},{"length":39,"name":"yinyin","parent":"root","transform":{"x":-11.5,"y":58,"skX":-1.4567,"skY":-1.4567,"scX":0.8}}],"slot":[{"name":"yinyin","parent":"yinyin"},{"name":"download","parent":"download"}],"skin":[{"slot":[{"name":"download","display":[{"type":"mesh","name":"download","width":100,"height":102,"vertices":[49.73,3.81,50.44,-14.5,36.27,-37.29,16.41,-49.06,-7.55,-50.47,-28.42,-43.83,-45.4,-28.93,-51.47,-10.48,-52.53,7.49,-45.1,25.96,-32.89,39.7,-21.41,48.89,-0.44,50.12,21.52,46.37,33.12,41.58,44.52,28.52,-0.5,6.5],"uvs":[0.52957,0,0.325,0.0049,0.10591,0.15666,0,0.35784,0,0.59314,0.07859,0.79365,0.23729,0.9512,0.425,1,0.605,1,0.785,0.91667,0.915,0.78922,1,0.67157,1,0.46569,0.94968,0.25292,0.895,0.14216,0.75803,0.04193,0.56459,0.49136],"triangles":[16,10,11,16,11,12,13,16,12,14,16,13,15,16,14,16,9,10,0,16,15,16,8,9,16,7,8,6,7,16,5,6,16,0,1,16,1,2,16,4,5,16,2,3,16,3,4,16],"edges":[0,1,1,2,2,3,3,4,4,5,5,6,6,7,7,8,8,9,9,10,10,11,11,12,12,13,13,14,14,15,15,0],"userEdges":[]}]},{"name":"yinyin","display":[{"name":"yinyin","transform":{"x":11.64,"y":-5.2,"skX":1.47,"skY":1.47}}]}]}],"animation":[{"duration":24,"playTimes":0,"name":"newAnimation","bone":[{"name":"download","translateFrame":[{"duration":6},{"duration":6,"tweenEasing":0,"x":-2,"y":-98},{"duration":6,"tweenEasing":0,"x":-2,"y":-151.81},{"duration":6,"tweenEasing":0,"x":-2,"y":-202.74},{"duration":0,"x":1.53,"y":-106.1}]},{"name":"yinyin","translateFrame":[{"duration":6},{"duration":6,"tweenEasing":0},{"duration":12,"x":9.2}],"scaleFrame":[{"duration":6},{"duration":6,"tweenEasing":0,"x":0.88,"y":0.7},{"duration":6,"tweenEasing":0,"x":0.63,"y":0.5},{"duration":6,"tweenEasing":0,"x":0.5,"y":0.4},{"duration":0,"x":0.75,"y":0.6}]}],"ffd":[{"name":"download","slot":"download","frame":[{"duration":6,"tweenEasing":0,"offset":32,"vertices":[2,-3]},{"duration":6,"tweenEasing":0,"vertices":[-5,0,-4.6,1,0,0,0,0,0,0,0,0,5.2,-0.8,5.2,-2.8,5.5,-0.5,0,0,-1.15,4.15,1.2,6.7,0.71,13.9,-8.5,12.15,-2.1,4.94,-3,1.2,2,-3]},{"duration":6,"tweenEasing":0,"vertices":[-5,0,-4.6,1,0,0,0,0,0,0,0,0,5.2,-0.8,5.2,-2.8,5.5,-0.5,0,0,0.25,0.35,4.4,0.75,6.95,0.8,-0.8,2.85,-1.8,0.9,-2.75,-3.25,2,-3]},{"duration":6,"tweenEasing":0,"offset":32,"vertices":[2,-3]},{"duration":0,"vertices":[-3.8,-2.65,-2.25,-8.05,3.05,-8.2,6.6,-15.95,-0.1,-17.4,-2.5,-6.75,1.55,0,4.6,0,8,1.85,4.6,0,0,0,3.15,-0.45,0,0,0,0,0,0,-3.05,0.7,2,-3]}]}]}],"defaultActions":[{"gotoAndPlay":"newAnimation"}]}]}